row_index,actual,probability_late
1666,1,1.0
6542,1,0.44660285
6428,0,0.35652176
8060,0,0.48214602
9822,0,0.42559657
4478,1,0.4896494
7037,0,0.6656386
6264,1,0.48725092
6461,0,0.4615681
2546,1,0.9999864
9769,0,0.5228812
8707,1,0.5144296
9347,1,0.44540605
570,1,0.5868116
8299,0,0.37848923
3200,0,0.6136613
7235,1,0.455931
6818,1,0.5063295
10083,0,0.44630286
3407,0,0.4514352
9155,1,0.42230383
4992,0,0.57120025
1067,1,1.0
8326,0,0.46588764
7831,1,0.31700867
10522,1,0.48477787
8791,0,0.42950723
6819,1,0.50278646
6587,1,0.44738397
8135,0,0.45767975
8527,0,0.42480615
991,1,0.99999917
1015,1,1.0
8437,0,0.51099706
7405,0,0.49151382
9606,0,0.44042984
4067,0,0.4813059
1874,1,0.8660227
4929,1,0.5099681
8868,0,0.5255287
2259,1,0.7453329
6636,0,0.40409213
5018,0,0.42496777
3712,1,0.3812506
3209,0,0.37920964
6132,0,0.54088223
3593,0,0.4812425
7722,1,0.44542772
9326,0,0.46746802
6402,0,0.42411745
6377,1,0.5176713
2448,1,0.9842331
5292,0,0.4426699
10290,0,0.5161339
1029,1,0.8900576
3964,0,0.4903113
8586,0,0.39896137
7586,0,0.48385423
10535,1,0.46155483
4097,0,0.44980377
8432,1,0.40351436
3918,1,0.48156312
3089,1,0.9999327
192,1,0.9211465
1975,1,1.0
9809,1,0.51607835
3585,0,0.43524814
9335,0,0.33135864
160,1,1.0
2052,1,0.9999986
1048,1,1.0
1447,1,1.0
2104,1,0.51324713
10276,1,0.4024819
4600,1,0.51502955
919,1,0.9996759
5041,0,0.38335183
9507,0,0.5121387
1591,1,0.79518497
10585,0,0.49665773
3824,0,0.4011405
5807,0,0.31563416
383,1,1.0
3463,1,0.46697402
10918,0,0.4785067
1230,1,0.4498592
3858,0,0.51003236
9869,1,0.5105203
1141,1,1.0
9972,1,0.59861785
6149,1,0.5640745
10421,1,0.43488762
8740,0,0.30562645
9019,0,0.40908483
7205,0,0.51323724
6389,0,0.46847045
7507,0,0.44081494
5161,0,0.4751896
9416,1,0.51101357
4707,0,0.5578891
9626,0,0.45328534
10157,1,0.48501617
1086,1,0.99987626
4427,0,0.5121426
1948,1,1.0
7001,0,0.5021017
649,1,1.0
5571,0,0.39511165
3278,0,0.38351327
5824,1,0.47566965
7971,0,0.41801655
4798,1,0.51874745
572,1,1.0
9509,0,0.47073203
9195,0,0.49056542
687,1,1.0
8899,0,0.44413787
10090,1,0.43718827
9782,1,0.45889217
8686,0,0.30046344
978,1,1.0
2229,1,1.0
6116,0,0.48173493
8773,0,0.40056118
5498,1,0.42333147
8140,0,0.49525985
1789,1,1.0
8766,0,0.46716672
10480,1,0.4439112
1828,1,1.0
8776,1,0.43382537
6712,0,0.4803906
5505,1,0.46668395
2798,1,0.9896025
8074,0,0.45478696
8131,0,0.46474677
1305,1,0.53884
374,1,0.9904866
9571,1,0.49688354
6247,1,0.45210817
4644,1,0.50330764
10627,0,0.4831048
9901,0,0.45361733
1268,1,1.0
5836,1,0.40572307
9492,0,0.44379148
7522,0,0.37856054
7524,0,0.6336423
8380,0,0.42870128
3476,0,0.43668485
4089,1,0.7573938
709,1,0.9999999
5531,1,0.3975958
886,1,0.9908442
875,1,1.0
3028,1,1.0
2949,1,1.0
5691,0,0.4316459
452,1,1.0
5801,0,0.4864395
9985,1,0.5060951
6328,1,0.4205925
2323,1,0.8384635
9667,0,0.47855282
9858,1,0.44885495
484,1,0.9999695
3393,1,0.45138717
4003,0,0.5150483
8347,1,0.39878345
9219,1,0.43759623
9494,1,0.460503
10333,0,0.48595148
9599,0,0.445643
844,1,1.0
4987,0,0.43832865
8012,0,0.482197
2746,1,1.0
8091,0,0.46847034
8240,1,0.4693582
917,1,0.4615496
9566,1,0.4293802
67,1,0.8101483
3140,0,0.43900433
670,1,0.46183428
6893,0,0.43350348
9616,0,0.39367488
2782,1,1.0
5643,1,0.4601094
7423,1,0.7310203
6140,0,0.5191669
3835,0,0.48033118
8695,0,0.3889504
9798,0,0.48499545
2967,1,1.0
1258,1,0.95233864
1008,1,0.9928431
3786,0,0.48618534
691,1,1.0
3425,1,0.4632969
804,1,1.0
2942,1,1.0
5368,1,0.34509653
5154,1,0.38494682
7823,1,0.48728734
8641,1,0.6517377
1776,1,0.9976563
186,1,1.0
5437,0,0.418022
720,1,0.97119343
5157,0,0.67726576
7622,0,0.48529595
4721,1,0.4709977
8772,1,0.43965274
3429,0,0.5247877
184,1,1.0
10721,0,0.42996508
9178,0,0.489273
146,1,0.9996557
10809,1,0.4806484
3005,1,1.0
1881,1,1.0
3493,0,0.39095515
5710,1,0.32649714
9372,0,0.52886766
9236,0,0.5289158
6182,1,0.49811825
2535,1,0.7373892
2197,1,1.0
2123,1,0.99996835
614,1,0.9989951
7790,0,0.55146426
3269,0,0.47879264
8351,1,0.48577756
2690,1,1.0
2431,1,1.0
7174,0,0.5614054
7353,0,0.5141161
5792,0,0.42262492
2398,1,0.9969372
336,1,1.0
9631,1,0.4733003
9930,1,0.5530616
829,1,1.0
944,1,0.37663022
2971,1,0.8044633
5652,1,0.4413988
8397,1,0.5094452
4298,0,0.39267674
9380,1,0.42798206
8275,0,0.48796907
5404,1,0.46147236
1756,1,0.9999646
6778,1,0.49972677
9390,0,0.45866856
4945,0,0.51840013
6416,0,0.44518906
6282,1,0.56884164
915,1,0.4902844
1932,1,1.0
6618,1,0.50044864
3081,1,0.9999993
2763,1,0.9889883
2537,1,0.99999774
2710,1,0.99998546
8162,0,0.5049038
10345,0,0.46848938
9303,1,0.4824306
8812,0,0.44523123
10558,1,0.62494606
2892,1,0.9989261
9280,0,0.4581614
5332,0,0.4333081
3901,1,0.46605435
7218,0,0.5097226
1449,1,1.0
10975,0,0.62704766
5167,0,0.3442673
2959,1,1.0
10261,1,0.36636922
4237,0,0.500782
6403,1,0.47071645
2654,1,0.99810505
1610,1,0.9999995
9835,0,0.50889295
4378,1,0.44222334
4270,1,0.46285713
9846,0,0.45616984
10398,1,0.4527064
10577,1,0.5603679
3844,0,0.44575077
7853,1,0.5122735
7208,0,0.4663099
8346,1,0.47709695
4663,1,0.48821425
6037,1,0.42305285
10735,0,0.5090134
7838,1,0.46942258
3340,1,0.4021105
9281,0,0.4209081
3263,1,0.4737754
1161,1,0.9998748
9584,1,0.45393267
9829,1,0.5104958
3280,1,0.50445884
5764,1,0.49729094
9946,1,0.47494322
2617,1,0.7231118
1884,1,1.0
2209,1,1.0
9275,0,0.43635598
4773,0,0.40603817
7194,1,0.5157063
8145,1,0.5302793
2941,1,1.0
6703,1,0.4916626
5003,1,0.4631346
10839,1,0.4783775
3748,1,0.4431486
1135,1,1.0
2042,1,0.9996245
2172,1,0.9999263
2866,1,1.0
2735,1,0.99996555
8050,0,0.50297433
7204,1,0.5630785
6810,0,0.50806826
10438,1,0.42648533
1073,1,1.0
7884,1,0.41251916
1134,1,0.96055084
4916,1,0.54434353
3923,0,0.39117908
2785,1,1.0
9802,0,0.46795645
4674,0,0.5755601
8435,0,0.41482848
3049,1,0.96525043
4099,0,0.38760895
3612,0,0.41843453
8949,0,0.516033
2,1,1.0
4857,0,0.42937472
4221,1,0.46072844
2796,1,0.99999917
10182,0,0.49023876
7682,0,0.49104825
8990,1,0.49202716
1279,1,1.0
634,1,0.84958816
3558,0,0.73687637
10026,1,0.47515076
8305,1,0.48644474
7898,1,0.47347498
7291,0,0.4899777
2206,1,0.99907166
645,1,1.0
6612,1,0.49616382
10686,0,0.5128825
320,1,0.99110067
536,1,0.99930984
6057,0,0.3985576
2851,1,0.6416469
636,1,1.0
9992,0,0.49114984
10410,0,0.54322374
2581,1,1.0
1636,1,1.0
5133,1,0.56186503
1504,1,0.999061
136,1,1.0
9832,0,0.538374
7777,1,0.48107943
3641,1,0.47465122
3066,1,1.0
6324,0,0.39543998
9605,0,0.49405634
3324,1,0.42501882
8071,0,0.4185457
7508,0,0.41810727
7606,1,0.42989242
1596,1,1.0
9351,1,0.49435285
10113,0,0.5578817
2040,1,0.99950135
7509,1,0.5021028
5082,1,0.44525823
9771,1,0.36495537
8036,1,0.44887227
10253,0,0.4661086
5965,0,0.4698773
10946,1,0.4263046
977,1,1.0
1938,1,0.9994531
7167,0,0.49724668
5506,1,0.42959538
6785,0,0.4764354
3939,0,0.4209305
10811,1,0.41462186
6711,1,0.5008586
10704,0,0.4161297
3215,0,0.45730758
6045,0,0.44434598
1273,1,1.0
7380,0,0.5340843
10746,1,0.46978897
15,1,1.0
9291,1,0.43250403
8509,0,0.41902974
10642,1,0.45186594
1411,1,0.9994395
9235,0,0.4570894
5173,0,0.42863578
8983,0,0.513544
1987,1,0.99997085
941,1,1.0
4651,0,0.45535836
7679,0,0.35606983
7241,1,0.4120002
10096,0,0.41786504
2284,1,0.8800528
8038,1,0.4292267
10324,1,0.3982781
725,1,1.0
5704,1,0.49940675
6010,1,0.47029528
985,1,1.0
9887,0,0.4161682
9109,1,0.43474853
5463,0,0.4458363
912,1,0.80848145
1503,1,0.7663294
6276,1,0.44461387
8138,1,0.4359492
90,1,1.0
10031,0,0.47284862
6758,0,0.43998227
4846,0,0.52860886
6366,1,0.5291148
10945,1,0.39469603
6620,0,0.5450928
6412,1,0.35395774
4190,1,0.4447316
183,1,0.9871762
8498,1,0.5009126
6490,1,0.4941277
1256,1,0.9999998
1036,1,1.0
5604,0,0.43159306
6502,0,0.44030622
249,1,1.0
3387,0,0.54637843
5090,1,0.39183825
2923,1,0.99994236
6157,0,0.4465871
4131,1,0.49595255
8648,1,0.655594
6211,0,0.4885971
5301,0,0.48577917
2780,1,1.0
3520,1,0.44400865
1473,1,0.9999999
3189,1,0.44609478
6283,0,0.45154017
2747,1,0.8667062
4383,0,0.3375614
6624,0,0.44829458
8591,1,0.5016677
2730,1,1.0
1567,1,0.9998923
4130,0,0.34091976
4283,1,0.49818176
6754,1,0.5322084
3691,1,0.44777548
5617,0,0.5305086
8493,1,0.6488074
6096,1,0.45777714
10857,1,0.40455148
4820,1,0.47922608
10819,1,0.41821826
4482,0,0.45371464
6462,0,0.4685341
4535,1,0.48041087
5045,0,0.46550807
1736,1,0.83326155
1673,1,0.7300481
8410,1,0.5002671
3649,0,0.46636468
7214,1,0.45977882
2324,1,1.0
3514,1,0.30970865
7994,1,0.45539525
910,1,0.99967474
8058,0,0.45280188
8768,0,0.42094842
3237,0,0.4523466
731,1,0.99999994
8874,0,0.4943893
4310,0,0.4553911
6373,1,0.46149054
9070,0,0.46871373
10407,0,0.533544
4152,0,0.5522173
5563,1,0.45540527
3367,0,0.46005395
2217,1,1.0
8080,1,0.4040662
7570,1,0.36683533
1051,1,0.9999856
10748,1,0.52192456
3243,1,0.5010088
4194,0,0.4931017
9879,1,0.44499302
2666,1,1.0
4146,0,0.47195563
9327,0,0.4416065
1621,1,1.0
4057,0,0.4133839
10278,0,0.50329715
2074,1,0.91636914
1749,1,0.9986856
9585,0,0.44883755
8453,1,0.44853884
3150,0,0.4066268
1996,1,0.97180885
2345,1,0.99753517
9201,0,0.5422898
3412,1,0.59541804
5397,0,0.50017583
2103,1,0.99999857
7099,0,0.48155627
10181,1,0.50113386
1085,1,1.0
6089,1,0.4663171
698,1,0.9998274
6939,0,0.4426407
6216,0,0.48017508
4219,0,0.5092924
5811,1,0.5656258
9384,0,0.45898792
10442,1,0.44642875
1986,1,1.0
9270,0,0.40934783
783,1,1.0
9359,0,0.48270923
7131,1,0.45524168
5540,0,0.3875068
2989,1,1.0
3523,0,0.4114378
8973,0,0.38934603
1961,1,1.0
5749,0,0.49485937
2687,1,0.99987894
2773,1,0.9931703
9282,0,0.35839722
3978,1,0.4167292
888,1,0.86726904
2672,1,0.9999952
7479,0,0.47326794
6600,0,0.50627035
4032,0,0.4345511
10221,1,0.5059526
1942,1,0.9996228
6405,0,0.5457284
1269,1,1.0
1799,1,1.0
8792,0,0.34944293
1968,1,0.99931526
8978,1,0.4945923
1751,1,0.72206706
7974,0,0.44587138
2432,1,1.0
10824,0,0.4944386
5900,0,0.3738383
10575,1,0.46330914
10870,1,0.41915086
5637,1,0.553213
3530,0,0.40428126
3690,0,0.46139356
5869,0,0.38323498
2176,1,1.0
5995,0,0.49942914
140,1,1.0
8061,0,0.37432137
464,1,0.99788684
5545,1,0.41495752
3616,0,0.48194733
7521,1,0.516423
422,1,0.8683058
8371,1,0.48818964
6422,1,0.4850744
4932,0,0.49786282
3856,0,0.40862373
4511,0,0.48060444
2845,1,0.8257136
10907,1,0.4848335
7718,0,0.65167457
807,1,1.0
10227,0,0.47727466
6972,0,0.47964513
430,1,1.0
3890,1,0.30171868
5694,1,0.45017081
5207,0,0.5645488
8734,0,0.2979014
6815,0,0.51149756
8844,0,0.52906036
9118,1,0.5589428
8635,0,0.49790567
9565,0,0.5345215
10339,1,0.49343863
3292,0,0.41876125
6596,1,0.45897806
615,1,0.9999996
10702,0,0.47338372
4879,1,0.3871867
4618,0,0.33687884
598,1,0.999999
10326,0,0.57081366
4304,0,0.46140105
3971,0,0.57192326
4921,0,0.480465
8553,0,0.5864843
3371,0,0.4797603
7628,0,0.49210674
7097,1,0.4714239
1255,1,0.9706938
8282,0,0.32463726
10567,0,0.49030256
1878,1,1.0
6078,0,0.4763988
3532,1,0.4972256
4554,1,0.49428794
2575,1,1.0
2146,1,0.7493751
7598,0,0.42348513
9283,0,0.44668368
5195,1,0.3873615
9183,1,0.5896996
3227,0,0.3985963
2764,1,1.0
6409,0,0.5183575
8575,0,0.43032396
1187,1,0.9254969
3253,0,0.4834659
8001,1,0.45983726
1887,1,1.0
7746,0,0.55900913
4689,0,0.48702347
2202,1,0.9958615
9586,0,0.59614736
1635,1,0.99999654
2893,1,1.0
9943,0,0.45591494
2440,1,1.0
5179,0,0.4394215
298,1,1.0
10154,0,0.44279605
10992,0,0.4446851
4653,0,0.487251
5733,1,0.54703707
4262,0,0.5672648
4161,0,0.47893724
9086,0,0.5652433
1186,1,1.0
4364,0,0.49606428
1338,1,0.83846766
238,1,0.99996644
9278,1,0.5415621
3073,1,0.9999997
2722,1,0.9999959
165,1,0.9979164
5103,1,0.5101165
7262,1,0.4872725
2805,1,1.0
8398,1,0.4652519
7094,0,0.45564133
8811,0,0.45297095
10911,0,0.42181003
6187,1,0.54246265
6341,1,0.38788563
4314,1,0.50666445
8996,0,0.49216786
3129,1,0.9822187
5628,0,0.4008475
956,1,1.0
3307,0,0.5033516
882,1,0.9994596
4612,0,0.41091803
8485,0,0.46928522
5703,0,0.52981263
6857,1,0.41448608
9669,1,0.5195209
8393,1,0.5083424
4486,0,0.5030365
9720,1,0.5367806
7879,1,0.49912637
7771,0,0.38345376
9152,0,0.39734593
10027,0,0.5092544
5169,1,0.46197408
2671,1,1.0
4440,0,0.45303625
7142,1,0.7886982
4341,0,0.6108749
147,1,0.9999568
10386,1,0.419797
3332,0,0.5199524
4466,1,0.3650038
7387,0,0.5191194
10441,0,0.49825603
7206,1,0.42370835
2872,1,1.0
3441,0,0.4769679
3587,0,0.4430374
4395,1,0.43346316
9964,0,0.7090287
1251,1,0.5296066
128,1,0.9869804
1716,1,0.99957025
7090,1,0.49587247
1371,1,0.6016153
10400,1,0.553212
9102,0,0.5196668
6869,1,0.4970422
2850,1,1.0
1611,1,1.0
8842,1,0.38662544
8236,0,0.46148172
5294,0,0.49420032
7078,0,0.47115645
10266,0,0.4058603
4668,0,0.5306276
7377,1,0.50307405
943,1,0.99999994
8702,1,0.3900811
7540,1,0.4490946
9447,1,0.41252178
9735,1,0.53192246
3503,0,0.39240488
7311,1,0.48323485
10038,1,0.4973448
9381,1,0.49891868
4115,1,0.45631605
6170,1,0.39530098
3839,1,0.45990598
2511,1,1.0
8280,1,0.5132735
9934,1,0.5334429
8619,0,0.44433314
1232,1,0.80164397
6969,1,0.3927005
9900,1,0.46984807
5023,0,0.509201
5771,0,0.4743443
5355,0,0.4490019
8189,0,0.47499725
5229,0,0.4883343
5562,0,0.49794793
6994,0,0.42884403
279,1,1.0
9612,1,0.5050801
3338,1,0.49048212
5649,0,0.4229055
4895,0,0.44204643
10681,0,0.42194393
4970,0,0.57217085
2584,1,0.9942433
2786,1,0.99878544
2904,1,1.0
7799,1,0.4627247
4184,1,0.4240457
5347,0,0.591841
10341,1,0.41878074
7289,0,0.43085736
9076,0,0.37853354
817,1,0.99999326
4664,1,0.52529854
1016,1,0.99993956
8651,0,0.4162689
1698,1,0.99999154
584,1,1.0
7611,0,0.43784466
8457,1,0.49019137
9800,0,0.43299347
9752,1,0.44645745
6131,1,0.5187004
717,1,0.99999994
3439,1,0.52647525
983,1,0.87649083
124,1,0.67875236
3316,1,0.564726
7640,1,0.36997086
6682,0,0.57419837
9357,1,0.4378869
6279,1,0.39230394
1609,1,0.99781567
7089,0,0.37507957
10208,0,0.4438532
4556,0,0.487928
9295,0,0.4636043
1695,1,1.0
8775,0,0.5503108
2799,1,0.9994896
7106,0,0.46096885
803,1,0.60025144
4623,1,0.48495793
8771,0,0.5080432
677,1,0.99999833
2445,1,0.9999997
8956,0,0.43772662
1625,1,1.0
8126,0,0.47325537
10572,0,0.5153798
3645,1,0.37030366
5286,0,0.40951547
10906,1,0.42900735
6750,1,0.37822372
10651,0,0.40919793
7125,0,0.49891853
8901,1,0.45187044
1960,1,1.0
4891,0,0.45028943
1289,1,0.94239587
4586,0,0.6231885
6840,0,0.4800472
8598,0,0.49677682
6804,0,0.49897903
3206,0,0.43487126
204,1,0.99996215
10866,1,0.3819101
6948,0,0.5042144
1955,1,1.0
954,1,1.0
3882,1,0.5237139
4822,0,0.47614864
9122,0,0.36825877
6113,1,0.4341723
327,1,1.0
8239,0,0.36491457
6151,0,0.4760183
3501,0,0.5042539
1294,1,0.6502089
3220,1,0.45178542
2566,1,1.0
3602,1,0.49451557
9973,0,0.5866938
7532,1,0.49492067
8334,0,0.5224444
3076,1,0.94595045
1505,1,0.99999213
6186,0,0.4825373
2430,1,0.99976677
6852,1,0.43576708
3268,1,0.41216907
926,1,1.0
1717,1,1.0
10765,1,0.4403585
4472,1,0.46053332
7791,1,0.3755815
5566,0,0.49458098
5984,1,0.51788914
8002,0,0.5159285
2781,1,1.0
6489,1,0.85207814
8745,1,0.44623622
6565,1,0.42902607
3639,0,0.5325913
287,1,0.9999998
9068,0,0.43974116
8789,1,0.45950475
10397,1,0.46171242
6259,1,0.49164757
897,1,0.99992204
1106,1,0.983747
607,1,0.99999994
7392,1,0.44770834
5272,0,0.4890775
10478,0,0.6580916
778,1,1.0
1114,1,1.0
10279,1,0.5422805
8119,0,0.45660913
7394,0,0.4228662
553,1,1.0
8795,1,0.4223446
6908,0,0.45813906
370,1,0.8499835
4490,0,0.4852019
10415,1,0.4342458
8550,0,0.49686998
1028,1,0.8357128
1830,1,1.0
9312,0,0.5516185
10062,1,0.4692271
8906,0,0.62319624
307,1,0.9351002
1117,1,0.8313653
1404,1,1.0
7230,0,0.43999174
3947,0,0.44573733
1398,1,0.9919699
3120,1,0.99999976
5883,0,0.46689123
5615,0,0.40827006
269,1,0.99993324
405,1,1.0
3598,1,0.5125311
5380,1,0.4595044
5476,1,0.4760015
5091,1,0.48867783
8927,0,0.62644553
2242,1,1.0
129,1,0.99902016
3336,0,0.445438
4208,0,0.3825012
9031,0,0.44425088
4780,1,0.43444002
2382,1,0.5895834
4983,1,0.53126436
7397,0,0.45518848
3322,1,0.3116645
2937,1,1.0
8335,1,0.4170386
10793,0,0.56472826
7882,0,0.3189026
5775,1,0.47562543
10121,0,0.44753078
7925,1,0.42611778
2607,1,1.0
4291,1,0.44368806
2339,1,0.99999994
4720,0,0.35304132
1620,1,1.0
8056,0,0.36264285
10414,1,0.47741345
3895,0,0.5491537
2482,1,0.89645535
9753,1,0.4793774
820,1,0.7775626
4956,0,0.34756988
7729,1,0.4391784
6572,1,0.40700093
762,1,0.999998
8519,0,0.42924556
7758,1,0.5411453
6360,1,0.4523163
9980,1,0.42107806
8724,0,0.42353606
4066,0,0.33821708
5963,1,0.49747944
8938,0,0.63318837
3160,0,0.48755527
6973,0,0.49567783
10069,0,0.47431913
949,1,1.0
6139,0,0.405259
6238,0,0.49819845
10936,1,0.40645108
2504,1,0.9999921
203,1,1.0
2965,1,0.99999917
4419,0,0.43950355
2472,1,1.0
4946,1,0.45347938
1705,1,1.0
10823,1,0.5423594
2953,1,1.0
8433,0,0.47443077
6718,0,0.42125568
2418,1,1.0
9466,0,0.3653909
3567,1,0.59333944
10446,0,0.510866
6929,1,0.52387273
5138,1,0.43214276
8404,1,0.38137397
9559,1,0.38807055
9023,1,0.4742525
1939,1,1.0
5946,0,0.48003787
5828,1,0.50324285
9838,1,0.49751878
2761,1,0.99983084
10713,1,0.50648
3815,1,0.51668566
2810,1,0.8066688
9158,1,0.38624173
8313,0,0.4839524
5818,1,0.55357873
1859,1,0.93003905
5202,1,0.43485278
5914,0,0.4450177
4616,0,0.49675286
6327,0,0.41234234
5049,1,0.45539868
9794,0,0.4223886
3898,1,0.4271937
5047,0,0.45581394
1694,1,0.99998784
6198,1,0.3947867
5561,1,0.42737043
6936,1,0.51217943
1601,1,1.0
4005,1,0.4637073
3275,1,0.4283044
8331,0,0.42888027
1260,1,0.8233977
8637,0,0.3799171
2330,1,1.0
10378,1,0.45278096
359,1,0.595498
3139,1,0.43214715
945,1,1.0
1485,1,1.0
8895,0,0.43958357
1229,1,0.9999998
2541,1,0.81435674
10892,0,0.37595028
2843,1,1.0
5244,0,0.4678304
3198,0,0.52145237
3282,0,0.5304487
8845,1,0.388502
10919,1,0.4213146
10693,1,0.40245092
10501,0,0.5952885
9510,1,0.4185478
4496,0,0.42871103
7816,1,0.4653893
2902,1,0.9778442
6530,0,0.49355197
870,1,1.0
3498,0,0.54020303
2656,1,0.9999987
10675,1,0.46855745
10490,0,0.50679237
4134,0,0.50075305
4091,0,0.39317235
6937,1,0.44435376
8682,0,0.409149
6105,0,0.47218952
9871,0,0.6124012
9189,1,0.44527388
9036,0,0.51784676
1814,1,1.0
6059,0,0.31361842
2347,1,1.0
3810,1,0.34805745
5278,0,0.47313976
4004,0,0.44409487
10629,0,0.5041829
4534,1,0.48921135
1357,1,0.9999999
10305,1,0.3732309
2341,1,1.0
7778,1,0.46735248
1397,1,0.99999046
5204,0,0.4229869
9957,0,0.5095294
2387,1,0.9524865
3241,1,0.39845708
2509,1,0.99995714
2951,1,0.7609054
5630,1,0.44433752
1977,1,0.99749553
5626,1,0.7322597
7498,1,0.47760138
4043,0,0.49595663
7273,1,0.5273704
4781,0,0.4432785
7067,0,0.38940576
1657,1,1.0
7295,1,0.48013073
1719,1,0.9999895
1925,1,1.0
9851,1,0.46523052
9029,0,0.4798844
7911,0,0.49610642
7051,1,0.48643818
6558,0,0.4840343
857,1,0.99898934
9343,0,0.49122912
8683,1,0.51034814
2051,1,1.0
244,1,0.2859247
10763,1,0.45304865
8190,1,0.4567546
10561,1,0.4371877
2037,1,0.47290167
443,1,0.9999998
5408,0,0.4241069
7115,1,0.45416272
10665,0,0.4596807
3893,1,0.43849838
504,1,0.994589
219,1,1.0
6949,1,0.4336197
4701,0,0.4456338
8450,0,0.46154356
8348,0,0.38925087
7594,1,0.44411752
6599,0,0.4428428
340,1,1.0
890,1,0.9999989
8194,0,0.47845387
1182,1,1.0
6136,0,0.41790912
8857,1,0.558902
3685,1,0.47850943
10240,1,0.51036537
1526,1,0.9999694
627,1,0.9999998
1546,1,0.9724244
6525,1,0.44997707
8048,1,0.50394964
8242,0,0.48677725
10814,0,0.41535267
3734,1,0.48788026
7827,0,0.55484104
1307,1,1.0
10238,1,0.5749662
7165,1,0.49925548
9708,1,0.47740576
4626,1,0.40315118
5123,1,0.46241343
3816,0,0.4338158
3274,1,0.4410091
3597,1,0.37771457
689,1,1.0
9671,0,0.5378732
8676,0,0.400765
10197,0,0.4996352
9501,0,0.37292928
2925,1,1.0
4309,0,0.40530077
275,1,0.9999647
7379,0,0.43573043
6079,0,0.3935807
7466,1,0.4827057
5788,1,0.44464764
5564,1,0.40438095
5443,0,0.32889548
6847,1,0.44543135
9449,0,0.7183643
9301,1,0.40850514
8419,0,0.41423497
4234,1,0.44233945
8944,1,0.3776675
6395,1,0.46050495
10730,0,0.5322749
8192,0,0.4958958
8072,0,0.4518094
3814,0,0.61118907
10058,0,0.39450517
1724,1,0.5103331
3595,0,0.47483662
4650,0,0.70848095
492,1,1.0
6437,0,0.40328673
5260,1,0.5103259
270,1,0.85793465
71,1,0.6807458
6227,1,0.482848
5884,0,0.40229112
8665,0,0.43185085
7556,1,0.43026042
2966,1,1.0
1827,1,0.89919287
10160,0,0.43233055
5735,0,0.4796625
10507,0,0.32678118
7453,1,0.4942439
6879,1,0.42622757
1348,1,1.0
7093,1,0.43791822
3421,0,0.39531836
5252,0,0.44813392
2017,1,0.9504236
10072,0,0.4002599
8765,0,0.4183688
2934,1,0.99713707
8225,0,0.48460883
2294,1,1.0
2669,1,1.0
1690,1,1.0
7862,0,0.38154685
519,1,0.4753156
4205,0,0.4915554
9410,1,0.5304671
2095,1,1.0
5208,0,0.5361474
1847,1,0.46984145
4768,0,0.42480758
9953,0,0.45417467
9575,1,0.5143825
8690,0,0.48709795
8622,1,0.41530746
3046,1,0.5524858
939,1,0.9888678
9924,0,0.5121258
2143,1,1.0
4020,0,0.44171268
10286,1,0.4616246
8261,1,0.49695012
7469,1,0.5789396
2081,1,1.0
5412,0,0.4292729
9905,1,0.41798857
7637,0,0.4433191
9545,0,0.40646914
8782,1,0.44040075
8778,0,0.53323907
7381,1,0.5006106
4016,1,0.47554788
3548,1,0.41590226
9297,0,0.4962505
2854,1,1.0
3300,0,0.48102087
4261,1,0.45630568
8267,0,0.4738671
924,1,1.0
7980,0,0.31543598
9844,0,0.46933785
6197,0,0.47511786
4660,1,0.57492006
4053,0,0.3617982
8035,1,0.50736237
3557,0,0.5880005
6824,0,0.39044666
5676,0,0.533887
191,1,1.0
9302,0,0.43525118
10758,1,0.5025473
5671,1,0.42654374
8646,0,0.55411834
8636,1,0.43126628
3751,0,0.47405407
6143,0,0.48798785
10903,1,0.4578753
6811,1,0.47879484
8166,1,0.45754045
1837,1,0.9999999
8358,0,0.42700577
5343,0,0.43691212
9274,1,0.39411956
8221,0,0.45274854
10750,0,0.49084032
8029,1,0.480453
7057,0,0.4193398
7960,0,0.43796477
7922,0,0.4275659
6842,0,0.49697563
8008,1,0.4360228
3265,1,0.4902039
43,1,1.0
6777,0,0.48451978
8324,0,0.45270726
7653,0,0.43667957
3750,0,0.5978512
5660,0,0.4031032
4657,1,0.41561797
8045,1,0.47633004
4258,0,0.43292898
53,1,1.0
2506,1,0.9999987
4253,0,0.5556381
9738,0,0.47588155
6379,1,0.5287828
7876,1,0.34453604
10360,0,0.42682767
4937,0,0.38864857
4590,0,0.5454696
8673,1,0.4159228
6552,0,0.4592892
5084,1,0.38126573
9103,0,0.47898266
3611,1,0.30784592
2877,1,0.8700904
8688,0,0.4921874
840,1,0.70978165
4858,1,0.48427302
9419,0,0.41480523
10040,0,0.4458939
8542,1,0.4887201
9392,0,0.42631018
4155,0,0.49310952
10941,1,0.423816
446,1,1.0
10927,1,0.5179756
7114,0,0.4312254
4608,0,0.5540779
5387,1,0.4856477
9071,0,0.4456394
1876,1,1.0
3075,1,0.91248316
9069,1,0.3467354
10752,0,0.48263597
305,1,0.9999992
10981,0,0.47816017
8954,0,0.48441955
10082,1,0.49714732
5076,0,0.5364813
4107,1,0.47309917
3785,0,0.47208792
7822,1,0.48768836
6433,1,0.49016467
2435,1,1.0
10961,0,0.3454888
5279,1,0.4998072
2258,1,0.9865544
3752,0,0.4338092
240,1,1.0
7473,1,0.4656653
990,1,0.99999905
5916,0,0.57017463
8476,0,0.42090815
2044,1,0.99998116
4274,0,0.34237665
6173,1,0.49717662
6240,0,0.5564793
925,1,1.0
109,1,1.0
526,1,0.5560551
5755,1,0.41828462
2500,1,1.0
4282,0,0.43306467
10432,1,0.41326183
7750,1,0.4786865
776,1,1.0
8377,0,0.39539608
5944,0,0.438568
1943,1,0.99999934
10821,1,0.5026737
2153,1,1.0
75,1,0.99746907
5492,0,0.64311
4499,0,0.43438128
1032,1,0.9999989
2890,1,0.9663625
7068,0,0.48171318
7086,1,0.4771187
206,1,0.8491503
6761,1,0.46674126
3654,1,0.549158
8428,0,0.47915718
1769,1,0.9999922
2809,1,0.99731416
9568,1,0.4619443
6144,1,0.5237972
6081,1,0.50550044
10364,0,0.4513916
10922,0,0.616367
9621,0,0.31617022
5822,0,0.42046568
3688,0,0.58290374
8363,0,0.49253422
5122,0,0.44017985
7225,1,0.45908248
10409,1,0.44466853
6523,0,0.44983998
3757,1,0.45483863
6344,1,0.52112335
6655,0,0.45661572
1973,1,0.9961734
4984,1,0.37191316
7168,1,0.40845785
1711,1,1.0
2411,1,1.0
489,1,0.63624364
2553,1,1.0
5042,0,0.5459855
2896,1,0.99999994
896,1,0.9985701
1806,1,0.99275565
7124,1,0.5023764
7343,0,0.3472358
3488,1,0.4044107
10193,1,0.48482287
9315,1,0.536349
4656,1,0.36700195
4501,0,0.40673634
7657,0,0.5028396
3850,0,0.47108167
9761,0,0.3800567
6055,0,0.49418595
8028,0,0.47974783
5327,0,0.37634686
1481,1,1.0
9345,1,0.41878393
9043,1,0.5393242
8759,1,0.4006672
4508,1,0.3998819
1748,1,0.94807214
3630,1,0.46502542
6812,0,0.46988377
10836,1,0.5115515
8116,0,0.53153193
6374,0,0.42089957
9059,1,0.36135545
2158,1,0.99570334
10563,1,0.59162843
589,1,1.0
6658,1,0.4398646
4913,1,0.37064686
7975,0,0.47313684
7433,1,0.39805174
2961,1,1.0
4040,0,0.45181802
7490,0,0.41610432
8925,0,0.4643484
10513,0,0.46374133
2525,1,1.0
4818,1,0.5396863
3020,1,1.0
2979,1,1.0
1920,1,0.9994953
10604,1,0.4285229
732,1,0.65347594
1151,1,1.0
7400,0,0.7874338
1812,1,0.77691585
268,1,0.9977991
2972,1,1.0
8985,1,0.47316062
5369,0,0.39877656
8387,1,0.49880475
5496,0,0.54559296
272,1,1.0
2604,1,0.99999523
7602,0,0.3935183
10100,1,0.40887052
5415,1,0.47711116
7021,1,0.44973788
7228,0,0.39569068
1857,1,0.8266249
922,1,0.5074203
6997,0,0.54704386
10294,0,0.37804765
8096,1,0.4712113
2915,1,1.0
7695,1,0.4895226
768,1,0.74263847
4725,0,0.37400395
9947,1,0.5024865
1252,1,1.0
114,1,1.0
2660,1,0.82911086
8115,1,0.40706554
4553,1,0.5073143
8528,0,0.44988593
6400,0,0.5335475
596,1,1.0
2402,1,0.86672604
8183,0,0.46062726
8049,1,0.89988786
6822,1,0.48475578
1801,1,0.6255322
6103,0,0.31412235
7951,0,0.47469452
9406,1,0.50482523
6606,1,0.8944454
4557,1,0.38678578
7839,0,0.46611607
7063,1,0.4722537
1288,1,1.0
10272,0,0.5008392
4072,1,0.48722258
10081,0,0.55468833
3777,1,0.37183076
2011,1,0.99999845
5971,0,0.48193792
8212,0,0.41202575
4117,0,0.5501486
226,1,1.0
4135,0,0.40136
4393,0,0.5608871
7651,0,0.39339852
8213,0,0.49741125
2032,1,0.99999756
7719,0,0.47253272
2950,1,0.57030046
10255,1,0.45628053
9706,0,0.37664545
9111,0,0.3657314
7364,1,0.49077073
9328,0,0.4656074
8187,1,0.44100612
1580,1,0.9999699
4384,0,0.35211042
5521,1,0.43475592
3196,0,0.6466369
250,1,1.0
2059,1,0.9999983
10471,0,0.5060707
5484,0,0.5185077
9508,1,0.3084708
3121,1,1.0
7172,0,0.4987518
10383,1,0.5821619
1630,1,1.0
5576,1,0.39764926
6287,0,0.3717637
1167,1,1.0
9465,0,0.5137636
10354,0,0.38657117
4345,0,0.52107924
4489,1,0.3991494
2463,1,1.0
2789,1,1.0
7465,1,0.49457493
8859,0,0.48491094
6032,0,0.5084566
2828,1,1.0
8514,1,0.52996945
1879,1,1.0
8459,1,0.3362128
4964,0,0.30398574
529,1,0.9957478
8473,1,0.41805786
5949,0,0.41374317
6834,0,0.50577444
6148,0,0.42366752
10313,1,0.4441354
10583,0,0.34144396
7034,1,0.44453004
4488,0,0.4368945
1326,1,0.55890065
1448,1,0.6568879
8634,0,0.42055222
3846,0,0.50684446
5054,1,0.42481002
9472,0,0.38068038
9620,0,0.36832926
3357,1,0.44246444
5942,0,0.47116128
5889,0,0.44477996
4606,1,0.4245972
5448,1,0.54721427
4652,0,0.41722918
9554,1,0.4578513
9409,0,0.4542799
5757,0,0.6657116
8323,1,0.37927568
10042,1,0.3804754
9745,0,0.48148918
10001,0,0.512359
3607,0,0.54424715
8975,0,0.44125506
7211,1,0.47917312
8625,1,0.3781359
3965,1,0.45949036
7604,0,0.45497966
1311,1,0.99998647
10185,1,0.4605401
310,1,1.0
10311,1,0.36786032
1012,1,1.0
10653,1,0.47427022
1678,1,0.99999994
387,1,0.6819439
8531,0,0.51494986
10916,0,0.4916271
4467,0,0.40780666
2821,1,0.90147555
10799,1,0.39002588
3417,0,0.42641097
1587,1,0.9999999
6205,1,0.48744512
4662,1,0.49548826
6605,0,0.5048886
2494,1,0.9999135
10495,1,0.4749477
7191,1,0.4676118
4863,0,0.48972166
7492,0,0.74444276
10832,0,0.33315858
9461,0,0.45538697
10450,0,0.4925973
657,1,0.6259932
1540,1,0.99998564
8827,0,0.50768685
6510,0,0.52417046
8913,1,0.51909375
2837,1,0.9999992
3517,1,0.5080736
1520,1,0.73446596
3147,0,0.51296544
8174,0,0.5064978
5186,0,0.46046358
3886,0,0.48664564
8860,1,0.43632036
8678,1,0.39191505
3195,1,0.5583009
7735,0,0.49242336
2186,1,0.9999741
9362,0,0.4882699
1235,1,0.9998021
10783,1,0.41727513
6775,0,0.4559508
5966,1,0.50546396
225,1,0.99999976
1363,1,0.9995626
2501,1,0.9999997
4160,1,0.42418286
6741,0,0.432954
6495,1,0.4717979
7826,0,0.3705694
6169,0,0.5311623
9600,0,0.48288697
8929,1,0.47745213
4112,1,0.43965974
2182,1,1.0
7694,0,0.56942827
8511,0,0.44431123
6453,0,0.49761832
2397,1,0.9621773
8551,0,0.4564087
8316,0,0.5501646
10384,0,0.68957496
8177,0,0.35572767
4582,1,0.36485735
2662,1,1.0
6146,0,0.47077033
8620,0,0.52083176
7989,0,0.3855737
861,1,1.0
1445,1,1.0
5850,1,0.43564218
10416,1,0.4600854
10872,1,0.5115557
9855,0,0.4683617
9542,0,0.53726655
10779,0,0.42562497
8054,0,0.43915975
3474,0,0.5099869
5359,1,0.38595995
1909,1,0.99995804
8376,0,0.46628228
4402,0,0.3318059
10175,1,0.4388095
3484,0,0.4882459
9515,0,0.35749194
8027,1,0.49760982
194,1,1.0
2827,1,0.5857196
9839,0,0.48386925
7366,1,0.458533
9432,1,0.45823655
2964,1,0.9999998
9163,0,0.43269837
5862,0,0.50403327
719,1,1.0
6226,1,0.53523815
8629,1,0.47239462
3979,0,0.47084287
5053,1,0.42542076
10664,0,0.35100153
4030,0,0.26509112
7073,0,0.42325896
10548,1,0.5485357
5767,1,0.4529253
5148,1,0.4696035
3496,1,0.4722498
4531,0,0.39517114
2983,1,1.0
6348,0,0.5692064
5028,0,0.9619642
2649,1,1.0
9487,1,0.44811052
656,1,1.0
4829,0,0.41427347
9164,0,0.43905184
44,1,0.9999986
4012,0,0.3548564
3072,1,0.57427186
3333,1,0.5578002
1573,1,1.0
8052,0,0.5865945
531,1,0.9996387
7298,1,0.4176692
6883,0,0.4759529
8630,1,0.43117565
10847,1,0.32527393
6534,0,0.4531071
1895,1,1.0
2378,1,0.9243698
9642,0,0.45078483
10962,1,0.42065462
9146,0,0.487672
3383,0,0.35113037
365,1,1.0
1409,1,0.6888927
6467,0,0.42516717
10508,1,0.43813625
8729,0,0.49831772
5841,1,0.50069374
2415,1,0.9999997
314,1,0.99811107
9701,0,0.41524133
5218,1,0.44530585
10344,1,0.41422015
10631,0,0.41544002
115,1,1.0
6987,0,0.44216874
5024,0,0.4243275
8238,1,0.5229504
4197,0,0.5006581
7259,1,0.48868182
1001,1,0.999211
9079,0,0.44054475
5406,1,0.48705727
9627,1,0.49893507
3351,0,0.53075457
721,1,1.0
7301,1,0.4147672
6550,0,0.46680236
8760,0,0.4587041
10989,0,0.46179175
583,1,0.9999557
5240,1,0.51287067
7128,0,0.5435314
658,1,0.99993306
3092,1,1.0
8861,0,0.46620283
1848,1,1.0
10067,1,0.5386986
3251,1,0.47962943
521,1,1.0
6323,0,0.4361774
1764,1,1.0
155,1,1.0
974,1,0.976386
2185,1,0.551073
6357,0,0.3558819
10487,0,0.40494633
4475,0,0.5431019
5034,1,0.4640874
4570,0,0.37766808
4403,0,0.5107754
4349,0,0.5913905
6626,1,0.3922334
5886,0,0.4483778
4235,1,0.51010686
6918,1,0.48930278
4963,1,0.45396504
7384,1,0.4619016
4177,1,0.40882602
2863,1,0.9999997
10756,0,0.6858588
2488,1,0.9971606
2658,1,1.0
9675,1,0.4233342
9224,1,0.3000432
3319,0,0.4241076
7544,1,0.45224375
2696,1,1.0
3980,0,0.49348542
9828,0,0.49721316
3231,0,0.44954714
7534,1,0.3670934
2875,1,0.9999954
3994,1,0.4900182
972,1,0.9998866
7267,1,0.52112216
2931,1,0.99999815
7201,1,0.4615182
4687,1,0.5710295
2561,1,1.0
5866,1,0.6683709
6794,0,0.4749616
5052,1,0.41762716
6142,0,0.48390937
2994,1,1.0
10694,1,0.4315733
10867,1,0.44130394
8269,1,0.4673495
907,1,1.0
6363,0,0.40565932
10884,0,0.5184771
9579,1,0.44389468
4183,0,0.43385333
5922,0,0.40076283
4069,0,0.4393054
2946,1,1.0
9682,1,0.47725505
5271,1,0.43876466
10926,0,0.54407775
4094,1,0.395009
2775,1,0.99854195
6203,1,0.4415055
8220,0,0.5202378
4680,0,0.5263893
10877,0,0.3734074
2774,1,1.0
9784,0,0.5242348
2363,1,0.9963102
969,1,0.9998349
9830,0,0.48553935
2253,1,1.0
348,1,1.0
10214,0,0.60151786
6208,1,0.4777098
7568,1,0.56508297
1257,1,1.0
4760,1,0.46139207
8644,1,0.45363086
7581,0,0.47176424
10151,0,0.49237338
8607,0,0.44459307
7768,1,0.61611867
9721,1,0.44199333
8770,1,0.43708926
9505,0,0.4646178
3067,1,0.9207646
2725,1,0.9940468
6689,0,0.4612251
4843,1,0.5787259
931,1,0.9999893
6687,0,0.48216537
6866,0,0.41232055
4834,1,0.38680086
4462,1,0.3968585
8223,0,0.37438565
6421,1,0.41114092
9239,1,0.42013407
9066,1,0.5553046
3874,0,0.36581755
10726,1,0.52542925
277,1,0.9989154
5905,0,0.37624824
8712,0,0.4590097
406,1,0.99996966
7475,1,0.43121275
3569,0,0.3229792
3293,0,0.49211007
5048,0,0.44266862
2578,1,1.0
1810,1,0.85913754
6539,0,0.42917153
3636,1,0.5265752
5020,0,0.48462158
7185,1,0.43453428
6052,0,0.41739073
5014,0,0.49418247
9895,0,0.41774154
205,1,0.9905823
6642,0,0.45075592
10844,0,0.35693446
2891,1,1.0
8040,0,0.6711515
10211,1,0.48545614
2985,1,0.9988419
5165,0,0.5158509
6161,0,0.4556008
6061,0,0.52464545
10858,0,0.35634345
224,1,0.99999636
6683,1,0.4755955
2091,1,1.0
6358,1,0.503607
5978,1,0.31931594
6001,1,0.47266373
10140,0,0.5280398
6805,0,0.43536252
3341,0,0.46437562
6543,0,0.44960833
6739,1,0.51537454
1574,1,0.7341657
10074,0,0.3474675
8180,0,0.45648724
7123,1,0.39873993
4698,0,0.4030154
6397,1,0.49084672
8007,1,0.4780352
2410,1,1.0
10594,1,0.49494892
2466,1,1.0
2924,1,1.0
3981,0,0.40606424
2230,1,1.0
5180,0,0.45497045
8951,0,0.39668497
3802,1,0.39008865
1093,1,1.0
423,1,1.0
1225,1,0.9563179
10373,1,0.4150789
4840,1,0.49694243
1096,1,0.8374364
7701,0,0.5260464
3096,1,0.9999944
6833,1,0.4501755
2806,1,1.0
1356,1,1.0
8967,0,0.5053761
1344,1,0.84776884
4685,0,0.47443673
2547,1,1.0
10222,0,0.4954646
2334,1,1.0
2433,1,0.84110594
9525,0,0.47711325
9202,0,0.35917482
9181,0,0.45457736
8769,0,0.4554937
2977,1,0.9999902
4555,0,0.44313323
1037,1,1.0
6432,0,0.42292425
903,1,0.7575833
1647,1,1.0
470,1,1.0
7238,0,0.38668168
4565,1,0.42107952
3141,1,0.4485698
7993,0,0.4459491
10177,0,0.4530749
4442,0,0.3995224
10766,0,0.41478175
10403,1,0.4159102
514,1,0.80810034
9661,1,0.41099033
1757,1,1.0
10186,0,0.42920634
8139,0,0.4748644
4319,0,0.34857324
143,1,1.0
10304,0,0.5656931
1378,1,1.0
8232,0,0.45192912
7489,1,0.4596319
6977,0,0.46091887
848,1,1.0
10628,0,0.49319836
89,1,1.0
5983,1,0.43090189
3729,1,0.37134352
2686,1,0.99999547
6315,1,0.39781874
5812,0,0.4078818
1003,1,0.55453944
4414,0,0.4587929
9774,1,0.51045394
2350,1,1.0
11,1,0.9999981
3494,1,0.31799722
4238,0,0.6602827
3637,1,0.49164352
2370,1,0.9871235
9757,0,0.50616133
4056,1,0.4208129
9237,1,0.47388476
10015,0,0.48791745
1083,1,1.0
1131,1,1.0
8150,0,0.4197014
10053,0,0.5424227
10537,1,0.408807
10831,0,0.45362425
6968,0,0.5377956
6646,1,0.48700586
5823,1,0.5172078
9051,0,0.48488715
757,1,0.5895373
6705,0,0.33326146
6574,1,0.5045727
6653,0,0.4197051
6797,0,0.5519949
8966,1,0.5722164
5423,1,0.4136121
3109,1,0.99999994
8379,1,0.44792688
8475,0,0.46742374
5548,0,0.42311856
4943,0,0.40439457
297,1,0.99999976
8399,1,0.35926524
4826,0,0.43229288
10295,1,0.486317
3401,1,0.52829933
5156,0,0.44634143
7634,0,0.42602137
3664,1,0.4847596
6504,1,0.5023463
3640,1,0.29984432
2565,1,0.9599332
10452,0,0.6235088
1902,1,1.0
9659,1,0.4478456
6764,1,0.49327824
4100,1,0.40856227
3242,1,0.47275499
3103,1,1.0
9968,0,0.35374162
9222,1,0.49530488
8342,0,0.43992603
8454,0,0.45925096
113,1,1.0
2053,1,1.0
1475,1,1.0
8303,0,0.5245994
9050,0,0.45488086
2679,1,0.99999994
4719,0,0.4586689
6984,1,0.49916786
2105,1,1.0
1956,1,0.99988985
9334,0,0.45653483
5198,1,0.5104734
4024,0,0.46042827
6332,1,0.43653604
1098,1,0.9999934
3924,1,0.4290148
5716,1,0.4784537
8718,1,0.45736578
8290,0,0.4829185
2117,1,0.88532513
9123,0,0.50992674
3036,1,1.0
6104,1,0.420413
448,1,0.99480504
8041,0,0.45302823
8704,0,0.38604742
3192,0,0.50479877
3950,0,0.4563218
5482,1,0.52148056
8405,0,0.46630892
4655,0,0.4446108
2618,1,1.0
2640,1,0.9960386
3113,1,0.9999999
1788,1,0.9999994
4396,1,0.41660404
8134,0,0.47424522
1675,1,1.0
3294,1,0.5750174
884,1,0.8683109
6557,1,0.44559252
284,1,0.9999962
1234,1,0.9788453
3920,0,0.5464458
1384,1,0.991135
8727,0,0.49478152
10389,0,0.48029593
8202,0,0.41113257
5530,0,0.41789743
4332,0,0.4850679
9352,1,0.5024043
8611,1,0.48399228
4868,0,0.5543977
10904,1,0.46723944
2505,1,0.545529
8669,1,0.38198516
5383,0,0.38994977
1170,1,1.0
1493,1,0.9297277
4794,1,0.4534177
7591,0,0.36891076
7513,0,0.46793625
8176,1,0.50388145
193,1,0.99999434
9942,1,0.4724279
975,1,1.0
9734,1,0.5103009
7026,0,0.51402724
6450,1,0.39922926
8823,0,0.4623973
8384,1,0.32504037
10165,0,0.5111224
9263,1,0.4192717
3648,1,0.51319915
5750,0,0.4758187
3419,1,0.40723166
5396,0,0.44598135
10753,0,0.511599
9320,1,0.420435
4927,0,0.3907218
6985,0,0.40898663
5777,1,0.51655215
52,1,1.0
7717,0,0.49485388
4142,1,0.4843261
1262,1,1.0
4671,1,0.5947251
1319,1,1.0
1517,1,0.9999828
10206,0,0.4741411
5445,1,0.4454504
1629,1,0.99999875
1873,1,1.0
7010,0,0.5115474
4694,0,0.4449843
3331,1,0.40853724
7027,1,0.56048423
10169,0,0.39444077
9126,0,0.45230868
4908,1,0.47427896
1216,1,1.0
816,1,0.99999994
1907,1,0.66266876
9781,1,0.3899633
3356,0,0.46893516
4439,1,0.49861512
5131,1,0.52319366
1205,1,1.0
5162,0,0.38828117
2148,1,1.0
2621,1,1.0
3190,0,0.5210758
2477,1,0.94275427
3942,0,0.4053961
7488,1,0.5914162
808,1,0.9997661
10741,0,0.45289293
3221,1,0.35109285
8106,0,0.49782655
1853,1,0.5205131
6427,1,0.43225622
6640,0,0.29680383
826,1,0.9999494
6554,0,0.38276574
4322,0,0.5010183
10043,0,0.447517
8019,1,0.4995618
1892,1,1.0
1686,1,1.0
8783,0,0.4885314
10141,1,0.5981017
7829,1,0.431458
5575,0,0.5355397
6691,0,0.40947083
10498,0,0.46786234
9630,1,0.46466917
5373,1,0.51261
2552,1,0.9502657
5212,0,0.4014214
8981,1,0.40983975
6828,1,0.46443594
1553,1,0.54266566
6440,0,0.543542
7763,1,0.511904
9694,1,0.4185452
5453,0,0.44995928
8268,0,0.44462144
9075,1,0.5185638
3535,0,0.47291464
2028,1,0.9223134
8389,0,0.43721902
10469,1,0.4213949
2587,1,0.99997604
5329,0,0.43562937
7160,1,0.49098492
7245,0,0.4185357
2077,1,0.9999978
1325,1,0.9999988
2462,1,1.0
6795,0,0.42034483
5033,1,0.46066013
5304,0,0.53794074
1094,1,0.6262557
8877,1,0.45096597
16,1,0.96902025
7390,1,0.4849404
3683,1,0.459847
1387,1,1.0
142,1,1.0
9153,0,0.41529197
3788,0,0.3278185
8076,1,0.44657066
9910,0,0.4833739
9366,1,0.40798283
5424,1,0.5189403
1474,1,0.9955256
2842,1,1.0
3666,1,0.5137727
3009,1,0.999259
7486,0,0.6069953
3977,1,0.5091846
9880,0,0.4229691
9690,1,0.53760177
650,1,0.9944587
4366,0,0.40488994
7158,0,0.4603895
5642,1,0.43720666
497,1,0.7161856
10607,0,0.45110753
18,1,0.99704427
7340,1,0.41168234
4823,0,0.48541185
9004,0,0.45168462
498,1,0.99986196
10990,0,0.4973114
4852,0,0.5106576
6707,0,0.46543786
9526,1,0.45864692
5428,0,0.4024393
8610,1,0.49702957
5664,1,0.4721952
7740,0,0.5481378
961,1,1.0
